position,locus_tag,ref,actual,type_of_snp,ref_codon,actual_codon,position_mutated,ref_aa,actual_aa,mutation_type,paper_source
1927,b0002,C,T,transition,CCG,TCG,1,Pro,Ser,missense,m2_wt83
30799,b0032,A,C,transversion,TAA,TAC,3,stop,Tyr,missense,m2_WT8
60747,b0059,C,G,transversion,CCG,GCG,1,Pro,Ala,missense,m2_wt-50
60965,b0059,T,C,transition,GTG,GCG,2,Val,Ala,missense,m2_wt-61
77036,b0069,T,G,transversion,GAT,GAG,3,Asp,Glu,missense,m2_wt-35
80680,b0072,A,C,transversion,GAT,GCT,2,Asp,Ala,missense,m2_wt-100
119211,b0110,A,C,transversion,GAT,GCT,2,Asp,Ala,missense,m2_WT8
120366,b0112,C,A,transversion,CGC,AGC,1,Arg,Ser,missense,m2_wt70
122177,b0113,G,A,transition,CGC,CAC,2,Arg,His,missense,m2_wt68
136363,b0121,T,C,transition,GAT,GAC,3,Asp,Asp,synonymous,m2_wt16
146593,b0131,C,T,transition,GAC,GAT,3,Asp,Asp,synonymous,m2_wt-12
160881,b0146,G,C,transversion,TTG,TTC,3,Leu,Phe,missense,m2_wt-45
182689,b0162,A,C,transversion,CAG,CCG,2,Gln,Pro,missense,m2_wt-44
186442,b0167,G,A,transition,GAC,AAC,1,Asp,Asn,missense,m2_wt-28
220368,b0197,G,A,transition,CTG,CTA,3,Leu,Leu,synonymous,m2_wt-39
231608,b0209,G,T,transversion,GGC,TGC,1,Gly,Cys,missense,m2_wt87
231655,b0209,A,C,transversion,ATA,ATC,3,Ile,Ile,synonymous,m2_wt-28
256366,b0238,G,A,transition,CCG,CCA,3,Pro,Pro,synonymous,m2_wt-50
340069,b0323,T,G,transversion,ATT,ATG,3,Ile,Met,missense,m2_WT8
377367,b0355,G,A,transition,GTT,ATT,1,Val,Ile,missense,m2_wt21
386645,b0367,T,G,transversion,TTA,GTA,1,Leu,Val,missense,m2_wt-62
396478,b0377,G,C,transversion,GGC,CGC,1,Gly,Arg,missense,m2_wt-38
471102,b0449,C,T,transition,CAG,TAG,1,Gln,stop,nonsense,m2_wt-35
498995,b0476,A,T,transversion,AAA,ATA,2,Lys,Ile,missense,m2_WT11
526865,b0498,A,G,transition,ACA,GCA,1,Thr,Ala,missense,m2_wt-06
536137,b0509,C,T,transition,CTG,TTG,1,Leu,Leu,synonymous,m2_wt89
537546,b0511,G,A,transition,CTG,CTA,3,Leu,Leu,synonymous,m2_wt-38
540043,b0513,C,T,transition,ATC,ATT,3,Ile,Ile,synonymous,m2_wt-29
617563,b0587,A,G,transition,TTA,TTG,3,Leu,Leu,synonymous,m2_wt-49
646804,b0614,C,A,transversion,GCA,GAA,2,Ala,Glu,missense,m2_wt-44
651482,b0619,C,T,transition,CAG,TAG,1,Gln,stop,nonsense,m2_wt94
665947,b0635,G,A,transition,CAG,CAA,3,Gln,Gln,synonymous,m2_wt-41
691456,b0659,G,A,transition,GAA,AAA,1,Glu,Lys,missense,m2_wt74
700115,b0676,T,G,transversion,TTT,GTT,1,Phe,Val,missense,m2_wt53
730434,b0700,T,C,transition,ACT,ACC,3,Thr,Thr,synonymous,m2_wt-61
774426,b0737,T,G,transversion,GTT,GTG,3,Val,Val,synonymous,m2_wt-66
782795,b0751,G,C,transversion,CGC,CCC,2,Arg,Pro,missense,m2_wt-50
785034,b0754,C,T,transition,CCA,CTA,2,Pro,Leu,missense,m2_wt90
884568,b0844,C,A,transversion,CTT,ATT,1,Leu,Ile,missense,m2_wt82
890423,b0850,A,G,transition,TGA,TGG,3,stop,Trp,missense,m2_wt-63
897304,b0858,C,G,transversion,GCC,GCG,3,Ala,Ala,synonymous,m2_wt7
906575,b0869,G,T,transversion,GCT,TCT,1,Ala,Ser,missense,m2_wt-41
987136,b0930,A,G,transition,AAC,AGC,2,Asn,Ser,missense,m2_wt-59
990526,b0932,A,C,transversion,ACC,CCC,1,Thr,Pro,missense,m2_wt-28
1019090,b0957,G,C,transversion,GGT,CGT,1,Gly,Arg,missense,m2_wt55
1023067,b0960,G,A,transition,GCC,ACC,1,Ala,Thr,missense,m2_wt16
1043601,b0982,A,G,transition,GAG,GGG,2,Glu,Gly,missense,m2_wt46
1054504,b0993,T,C,transition,TTT,CTT,1,Phe,Leu,missense,m2_wt-65
1074021,b1013,C,T,transition,GCG,GTG,2,Ala,Val,missense,m2_wt10
1083417,b1019,C,T,transition,CGC,CGT,3,Arg,Arg,synonymous,m2_wt-29
1102222,b1040,G,A,transition,AAG,AAA,3,Lys,Lys,synonymous,m2_wt74
1127435,b1069,C,G,transversion,GCC,GGC,2,Ala,Gly,missense,m2_wt-41
1186360,b1128,T,C,transition,TAT,TAC,3,Tyr,Tyr,synonymous,m2_wt-49
1189131,b1130,G,A,transition,CCG,CCA,3,Pro,Pro,synonymous,m2_wt74
1242881,b1193,A,T,transversion,GAT,GTT,2,Asp,Val,missense,m2_wt21
1301784,b1244,T,G,transversion,TTG,GTG,1,Leu,Val,missense,m2_wt-49
1311017,b1255,A,G,transition,AAC,AGC,2,Asn,Ser,missense,m2_wt-49
1334655,b1276,G,A,transition,CTG,CTA,3,Leu,Leu,synonymous,m2_wt81
1374071,b1314,C,T,transition,ACA,ATA,2,Thr,Ile,missense,m2_wt74
1384979,b1323,A,T,transversion,CAT,CTT,2,His,Leu,missense,m2_wt-14
1393393,b1330,T,A,transversion,ATC,AAC,2,Ile,Asn,missense,m2_wt-63
1408092,b1343,C,T,transition,ACC,ACT,3,Thr,Thr,synonymous,m2_wt-12
1435682,b1378,G,A,transition,GGC,AGC,1,Gly,Ser,missense,m2_wt-28
1522323,b1452,T,A,transversion,AGT,AGA,3,Ser,Arg,missense,m2_wt-39
1535872,b1467,T,A,transversion,TGG,AGG,1,Trp,Arg,missense,m2_wt83
1547775,b1474,C,T,transition,GCG,GTG,2,Ala,Val,missense,m2_wt-35
1558664,b1486,T,C,transition,TTC,TCC,2,Phe,Ser,missense,m2_wt40
1605686,b1519,T,A,transversion,CTG,CAG,2,Leu,Gln,missense,m2_wt7
1609699,b1522,G,C,transversion,GCG,GCC,3,Ala,Ala,synonymous,m2_wt53
1612205,b1525,G,T,transversion,GTG,TTG,1,Val,Leu,missense,m2_wt-45
1642727,b1561,C,T,transition,GCA,GTA,2,Ala,Val,missense,m2_wt-59
1665800,b1594,C,T,transition,GGC,GGT,3,Gly,Gly,synonymous,m2_wt-41
1666404,b1594,A,G,transition,GAG,GGG,2,Glu,Gly,missense,m2_wt-12
1681615,b1609,G,A,transition,AGC,AAC,2,Ser,Asn,missense,m2_wt-66
1702041,b1624,A,G,transition,ACC,GCC,1,Thr,Ala,missense,m2_wt23
1772674,b1692,G,A,transition,GCC,ACC,1,Ala,Thr,missense,m2_wt-63
1775436,b1695,G,C,transversion,GCG,CCG,1,Ala,Pro,missense,m2_wt-29
1788431,b1706,C,A,transversion,CGT,AGT,1,Arg,Ser,missense,m2_wt-29
1791978,b1710,C,T,transition,GCC,GCT,3,Ala,Ala,synonymous,m2_wt-06
1839765,b1759,G,C,transversion,TGG,TGC,3,Trp,Cys,missense,m2_wt93
1842577,b1762,G,T,transversion,GAG,TAG,1,Glu,stop,nonsense,m2_wt-41
1855545,b1773,T,C,transition,GGT,GGC,3,Gly,Gly,synonymous,m2_wt-100
1856410,b1774,C,T,transition,CTG,TTG,1,Leu,Leu,synonymous,m2_wt-61
1882064,b1801,A,C,transversion,AAG,CAG,1,Lys,Gln,missense,m2_wt-28
1900116,b1817,G,A,transition,GAG,GAA,3,Glu,Glu,synonymous,m2_wt-06
1942219,b1859,G,C,transversion,AGC,ACC,2,Ser,Thr,missense,m2_wt-38
1948118,b1866,A,G,transition,AAA,AAG,3,Lys,Lys,synonymous,m2_wt76
1974613,b1890,T,G,transversion,GTC,GGC,2,Val,Gly,missense,m2_wt-100
1984131,b1901,C,T,transition,CTG,TTG,1,Leu,Leu,synonymous,m2_WT11
2069933,b2000,A,C,transversion,AAC,ACC,2,Asn,Thr,missense,m2_wt-12
2073132,b2001,T,G,transversion,GCT,GCG,3,Ala,Ala,synonymous,m2_wt-35
2110939,b2041,T,A,transversion,TCT,TCA,3,Ser,Ser,synonymous,m2_wt-14
2136501,b2063,C,A,transversion,TTC,TTA,3,Phe,Leu,missense,m2_wt69
2154439,b2075,G,A,transition,GTT,ATT,1,Val,Ile,missense,m2_wt-06
2186233,b2108,G,A,transition,CCG,CCA,3,Pro,Pro,synonymous,m2_wt-44
2192922,b2114,A,T,transversion,ATG,TTG,1,Met,Leu,missense,m2_wt85
2227875,b2140,C,T,transition,GCG,GTG,2,Ala,Val,missense,m2_wt27
2231696,b2145,A,C,transversion,AAA,AAC,3,Lys,Asn,missense,m2_wt-61
2301727,b4604,T,C,transition,TAT,CAT,1,Tyr,His,missense,m2_wt23
2312739,b2216,G,T,transversion,GCG,GCT,3,Ala,Ala,synonymous,m2_wt-35
2334355,b2230,C,T,transition,AGC,AGT,3,Ser,Ser,synonymous,m2_wt-59
2334355,b2230,C,T,transition,AGC,AGT,3,Ser,Ser,synonymous,m2_wt58
2341516,b2233,G,A,transition,GTA,ATA,1,Val,Ile,missense,m2_wt80
2355276,b2244,G,A,transition,GTG,GTA,3,Val,Val,synonymous,m2_wt5
2376697,b2264,C,G,transversion,GAC,GAG,3,Asp,Glu,missense,m2_wt-100
2397470,b2283,G,A,transition,GGT,AGT,1,Gly,Ser,missense,m2_wt67
2411969,b2296,G,T,transversion,GAG,TAG,1,Glu,stop,nonsense,m2_wt-66
2442906,b2327,G,A,transition,GGT,GAT,2,Gly,Asp,missense,m2_wt-14
2475550,b2364,G,A,transition,CTG,CTA,3,Leu,Leu,synonymous,m2_wt81
2478388,b2366,G,C,transversion,GCG,CCG,1,Ala,Pro,missense,m2_wt-50
2485186,b2370,A,G,transition,ACG,GCG,1,Thr,Ala,missense,m2_wt71
2531316,b2414,G,A,transition,GTG,ATG,1,Val,Met,missense,m2_wt23
2597309,b2478,C,T,transition,ATC,ATT,3,Ile,Ile,synonymous,m2_wt-100
2629826,b2507,A,C,transversion,GCA,GCC,3,Ala,Ala,synonymous,m2_wt-44
2641447,b2517,G,T,transversion,GAC,TAC,1,Asp,Tyr,missense,m2_wt-66
2641821,b2517,C,T,transition,GCA,GTA,2,Ala,Val,missense,m2_wt68
2649622,b2520,C,T,transition,CAG,TAG,1,Gln,stop,nonsense,m2_wt-63
2653740,b2523,C,A,transversion,TCG,TAG,2,Ser,stop,nonsense,m2_wt-66
2771854,b2642,C,T,transition,TCC,TTC,2,Ser,Phe,missense,m2_wt99
2795582,b2668,T,C,transition,TTA,TCA,2,Leu,Ser,missense,m2_wt-29
2836375,b2714,A,G,transition,GGA,GGG,3,Gly,Gly,synonymous,m2_wt-39
2856362,b2733,G,A,transition,CCG,CCA,3,Pro,Pro,synonymous,m2_wt-65
2857900,b2734,T,C,transition,TTC,TCC,2,Phe,Ser,missense,m2_wt16
2872430,b2751,T,C,transition,TCG,CCG,1,Ser,Pro,missense,m2_wt-59
2879898,b2758,T,C,transition,GAT,GAC,3,Asp,Asp,synonymous,m2_wt-29
2909122,b2783,A,C,transversion,GAA,GAC,3,Glu,Asp,missense,m2_wt-41
2932467,b2801,T,C,transition,TAC,CAC,1,Tyr,His,missense,m2_wt92
2939183,b2806,A,C,transversion,GAA,GCA,2,Glu,Ala,missense,m2_wt68
2941560,b2810,G,T,transversion,GCA,TCA,1,Ala,Ser,missense,m2_wt70
2961471,b2825,T,A,transversion,TGG,AGG,1,Trp,Arg,missense,m2_wt-12
3003313,b2869,A,G,transition,ATC,GTC,1,Ile,Val,missense,m2_WT8
3003735,b2869,C,T,transition,GCC,GTC,2,Ala,Val,missense,m2_wt-65
3008229,b2873,G,A,transition,ACG,ACA,3,Thr,Thr,synonymous,m2_wt69
3025203,b4464,T,C,transition,TAT,CAT,1,Tyr,His,missense,m2_wt-50
3078108,b2935,T,G,transversion,ATC,AGC,2,Ile,Ser,missense,m2_wt-39
3125646,b2979,T,G,transversion,ATC,AGC,2,Ile,Ser,missense,m2_wt-44
3143361,b2997,A,T,transversion,CAG,CTG,2,Gln,Leu,missense,m2_wt85
3154268,b3011,G,A,transition,GAT,AAT,1,Asp,Asn,missense,m2_wt-06
3156659,b3014,T,G,transversion,ATT,AGT,2,Ile,Ser,missense,m2_wt82
3218861,b3073,T,C,transition,CTG,CCG,2,Leu,Pro,missense,m2_wt78
3255556,b3110,T,G,transversion,GGT,GGG,3,Gly,Gly,synonymous,m2_wt-59
3272211,b3127,T,G,transversion,CTG,CGG,2,Leu,Arg,missense,m2_wt-49
3368875,b3223,C,T,transition,CGT,TGT,1,Arg,Cys,missense,m2_wt-45
3371956,b3226,C,G,transversion,CCA,GCA,1,Pro,Ala,missense,m2_wt-06
3375922,b3230,T,G,transversion,TTC,TGC,2,Phe,Cys,missense,m2_wt-45
3377420,b3232,G,A,transition,CAG,CAA,3,Gln,Gln,synonymous,m2_wt89
3420219,b3270,G,A,transition,GGG,GGA,3,Gly,Gly,synonymous,m2_wt-29
3429821,b3283,T,C,transition,ATC,ACC,2,Ile,Thr,missense,m2_wt-41
3441706,b3300,T,C,transition,GGT,GGC,3,Gly,Gly,synonymous,m2_wt-14
3446351,b3311,G,T,transversion,GAG,GAT,3,Glu,Asp,missense,m2_wt99
3450134,b3319,C,A,transversion,CCG,ACG,1,Pro,Thr,missense,m2_wt-35
3450223,b3319,A,T,transversion,CAC,CTC,2,His,Leu,missense,m2_wt-28
3451150,b3321,G,T,transversion,CGC,CTC,2,Arg,Leu,missense,m2_wt85
3487449,b3359,A,G,transition,ACC,GCC,1,Thr,Ala,missense,m2_wt-28
3499177,b3370,G,A,transition,GGC,AGC,1,Gly,Ser,missense,m2_wt-39
3506601,b3379,T,G,transversion,GAT,GAG,3,Asp,Glu,missense,m2_wt-12
3519211,b3393,G,A,transition,CTG,CTA,3,Leu,Leu,synonymous,m2_wt-29
3519568,b3394,C,T,transition,CAG,TAG,1,Gln,stop,nonsense,m2_wt-61
3587984,b3451,A,C,transversion,ATC,CTC,1,Ile,Leu,missense,m2_wt-44
3620862,b3482,A,G,transition,CGA,CGG,3,Arg,Arg,synonymous,m2_wt-29
3678925,b3527,C,T,transition,CTG,TTG,1,Leu,Leu,synonymous,m2_wt-59
3796821,b3623,C,T,transition,GCA,GTA,2,Ala,Val,missense,m2_wt55
3833632,b3657,C,A,transversion,GGC,GGA,3,Gly,Gly,synonymous,m2_wt-49
3950600,b3770,T,G,transversion,TAT,GAT,1,Tyr,Asp,missense,m2_wt21
3991950,b3807,A,G,transition,AAT,GAT,1,Asn,Asp,missense,m2_wt-14
4030185,b3847,G,A,transition,CCG,CCA,3,Pro,Pro,synonymous,m2_wt85
4030296,b3847,C,T,transition,TGC,TGT,3,Cys,Cys,synonymous,m2_wt85
4075709,b3888,A,T,transversion,AAT,TAT,1,Asn,Tyr,missense,m2_wt76
4090438,b3900,C,T,transition,CAG,TAG,1,Gln,stop,nonsense,m2_wt-62
4182926,b3987,A,C,transversion,CAG,CCG,2,Gln,Pro,missense,m2_wt86
4199652,b4002,A,G,transition,GGA,GGG,3,Gly,Gly,synonymous,m2_wt-17
4284754,b4069,T,C,transition,GTA,GCA,2,Val,Ala,missense,m2_wt53
4327687,b4110,A,C,transversion,GAT,GCT,2,Asp,Ala,missense,m2_wt-44
4380098,b4154,G,A,transition,GTC,ATC,1,Val,Ile,missense,m2_wt74
4411810,b4186,G,A,transition,GTG,ATG,1,Val,Met,missense,m2_wt-63
4431312,b4211,G,A,transition,GAT,AAT,1,Asp,Asn,missense,m2_wt-100
4433910,b4213,G,A,transition,GGG,AGG,1,Gly,Arg,missense,m2_wt-35
4442956,b4221,C,A,transversion,ATC,ATA,3,Ile,Ile,synonymous,m2_wt87
4451827,b4231,G,T,transversion,GTG,GTT,3,Val,Val,synonymous,m2_wt-41
4466603,b4242,T,G,transversion,CTG,CGG,2,Leu,Arg,missense,m2_wt86
4481228,b4258,A,T,transversion,GCA,GCT,3,Ala,Ala,synonymous,m2_wt-38
4502337,b4279,C,A,transversion,GCA,GAA,2,Ala,Glu,missense,m2_wt-17
4515690,b4292,C,T,transition,TCC,TCT,3,Ser,Ser,synonymous,m2_wt-63
4522598,b4298,A,C,transversion,ACC,CCC,1,Thr,Pro,missense,m2_wt-50
4535483,b4309,G,A,transition,GCG,GCA,3,Ala,Ala,synonymous,m2_wt55
4580887,b4349,G,A,transition,CGC,CAC,2,Arg,His,missense,m2_wt-17
4588983,b4354,C,T,transition,CCG,CTG,2,Pro,Leu,missense,m2_wt85
4602391,b4366,G,T,transversion,CGC,CTC,2,Arg,Leu,missense,m2_wt81
38652,b0038,G,A,transition,GGT,GAT,2,Gly,Asp,missense,m2_M2m-28
85813,b0077,G,A,transition,GCG,ACG,1,Ala,Thr,missense,m2_M2m-85
90633,b0082,C,A,transversion,ACC,ACA,3,Thr,Thr,synonymous,m2_M2m-09
104775,b0094,T,A,transversion,CTG,CAG,2,Leu,Gln,missense,m2_M2m-85
110447,b0098,G,T,transversion,TGG,TGT,3,Trp,Cys,missense,m2_M2m-95
185615,b0166,A,C,transversion,GTA,GTC,3,Val,Val,synonymous,m2_M2m-11
230416,b0208,G,A,transition,GCC,ACC,1,Ala,Thr,missense,m2_M2m-21
251016,b0231,T,G,transversion,GTG,GGG,2,Val,Gly,missense,m2_M2m-47
318400,b0304,G,C,transversion,GTT,CTT,1,Val,Leu,missense,m2_M2m-44
326041,b0311,C,T,transition,CCG,CTG,2,Pro,Leu,missense,m2_M2m-35
397174,b0378,C,T,transition,CAA,TAA,1,Gln,stop,nonsense,m2_M2m-44
398493,b0379,C,T,transition,CCT,CTT,2,Pro,Leu,missense,m2_M2m-78
515744,b0490,T,G,transversion,ATT,AGT,2,Ile,Ser,missense,m2_M2m-18
583231,b0564,G,T,transversion,GAA,TAA,1,Glu,stop,nonsense,m2_M2m-95
608933,b0583,A,C,transversion,ATT,CTT,1,Ile,Leu,missense,m2_M2m-95
627362,b0595,C,A,transversion,ACC,AAC,2,Thr,Asn,missense,m2_M2m-51
647595,b0615,C,T,transition,ACC,ACT,3,Thr,Thr,synonymous,m2_M2m-93
649974,b0617,C,A,transversion,ACC,ACA,3,Thr,Thr,synonymous,m2_M2m-79
698110,b0674,G,C,transversion,GGG,GGC,3,Gly,Gly,synonymous,m2_M2m-09
701389,b0677,T,A,transversion,TCC,ACC,1,Ser,Thr,missense,m2_M2m-95
731136,b0700,A,G,transition,GCA,GCG,3,Ala,Ala,synonymous,m2_M2m-47
731142,b0700,A,G,transition,GGA,GGG,3,Gly,Gly,synonymous,m2_M2m-47
764135,b0729,A,T,transversion,ATG,TTG,1,Met,Leu,missense,m2_M2m-83
765622,b0731,T,A,transversion,CTG,CAG,2,Leu,Gln,missense,m2_M2m-39
785524,b0754,C,T,transition,ACC,ACT,3,Thr,Thr,synonymous,m2_M2m-78
796881,b0766,C,T,transition,AAC,AAT,3,Asn,Asn,synonymous,m2_M2m-84
800672,b0769,C,T,transition,CGT,TGT,1,Arg,Cys,missense,m2_M2m-18
842427,b0807,C,T,transition,GCC,GCT,3,Ala,Ala,synonymous,m2_M2m-19
873722,b0833,C,T,transition,GAC,GAT,3,Asp,Asp,synonymous,m2_M2m-15
899528,b0860,A,C,transversion,ACC,CCC,1,Thr,Pro,missense,m2_M2m-12
911955,b0873,C,T,transition,GGC,GGT,3,Gly,Gly,synonymous,m2_M2m-13
927045,b0886,G,A,transition,CTG,CTA,3,Leu,Leu,synonymous,m2_M2m-04
938973,b0893,C,T,transition,GCA,GTA,2,Ala,Val,missense,m2_M2m-41
964881,b0913,A,T,transversion,ATC,TTC,1,Ile,Phe,missense,m2_M2m-07
987046,b0930,G,C,transversion,GGT,GCT,2,Gly,Ala,missense,m2_M2m-29
1012712,b0951,G,A,transition,CTG,CTA,3,Leu,Leu,synonymous,m2_M2m-78
1042624,b0981,A,T,transversion,GAA,GAT,3,Glu,Asp,missense,m2_M2m-02
1077683,b1014,C,A,transversion,GCC,GCA,3,Ala,Ala,synonymous,m2_M2m-92
1107814,b1047,G,T,transversion,GCG,GCT,3,Ala,Ala,synonymous,m2_M2m-05
1109557,b1048,A,G,transition,AGC,GGC,1,Ser,Gly,missense,m2_M2m-07
1152047,b1095,A,G,transition,AGT,GGT,1,Ser,Gly,missense,m2_M2m-37
1154592,b1098,A,T,transversion,GTA,GTT,3,Val,Val,synonymous,m2_M2m-27
1198105,b1139,T,G,transversion,CTA,CGA,2,Leu,Arg,missense,m2_M2m-51
1202547,b1147,C,T,transition,GTC,GTT,3,Val,Val,synonymous,m2_M2m-52
1210207,b1159,T,C,transition,AAT,AAC,3,Asn,Asn,synonymous,m2_M2m-28
1254949,b1202,T,G,transversion,CTC,CGC,2,Leu,Arg,missense,m2_M2m-78
1263690,b1210,A,T,transversion,AGC,TGC,1,Ser,Cys,missense,m2_M2m-13
1266067,b1212,A,T,transversion,ATC,TTC,1,Ile,Phe,missense,m2_M2m-44
1297215,b1241,G,A,transition,GAT,AAT,1,Asp,Asn,missense,m2_M2m-16
1319839,b1264,A,C,transversion,ACC,CCC,1,Thr,Pro,missense,m2_M2m-29
1323207,b1268,T,C,transition,TCT,TCC,3,Ser,Ser,synonymous,m2_M2m-04
1338101,b1278,C,A,transversion,CGA,AGA,1,Arg,Arg,synonymous,m2_M2m-38
1361289,b1300,T,A,transversion,TGC,AGC,1,Cys,Ser,missense,m2_M2m-84
1367147,b1306,G,T,transversion,CCG,CCT,3,Pro,Pro,synonymous,m2_M2m-35
1441167,b1381,C,T,transition,CCC,CCT,3,Pro,Pro,synonymous,m2_M2m-04
1523295,b1453,A,C,transversion,GAA,GCA,2,Glu,Ala,missense,m2_M2m-32
1542043,b1469,C,T,transition,CGC,CGT,3,Arg,Arg,synonymous,m2_M2m-18
1553217,b1479,G,A,transition,CTG,CTA,3,Leu,Leu,synonymous,m2_M2m-52
1562807,b1489,A,T,transversion,CAA,CAT,3,Gln,His,missense,m2_M2m-18
1574686,b1495,C,T,transition,CTG,TTG,1,Leu,Leu,synonymous,m2_M2m-35
1596979,b1511,C,A,transversion,CAT,AAT,1,His,Asn,missense,m2_M2m-28
1606979,b1520,A,G,transition,AAG,AGG,2,Lys,Arg,missense,m2_M2m-41
1611512,b1525,A,T,transversion,AGA,TGA,1,Arg,stop,nonsense,m2_M2m-11
1651061,b1580,C,T,transition,ATC,ATT,3,Ile,Ile,synonymous,m2_M2m-11
1660901,b1588,C,T,transition,GTC,GTT,3,Val,Val,synonymous,m2_M2m-23
1666992,b1595,A,T,transversion,ATT,TTT,1,Ile,Phe,missense,m2_M2m-53
1679132,b1606,G,A,transition,GAT,AAT,1,Asp,Asn,missense,m2_M2m-18
1690854,b1615,G,T,transversion,GCC,TCC,1,Ala,Ser,missense,m2_M2m-19
1702290,b1624,G,A,transition,GCG,ACG,1,Ala,Thr,missense,m2_M2m-39
1707334,b1630,G,C,transversion,GCC,CCC,1,Ala,Pro,missense,m2_M2m-27
1712796,b1635,G,T,transversion,AAG,AAT,3,Lys,Asn,missense,m2_M2m-79
1730589,b1653,T,G,transversion,ATC,AGC,2,Ile,Ser,missense,m2_M2m-33
1755041,b1676,C,T,transition,AGC,AGT,3,Ser,Ser,synonymous,m2_M2m-39
1784030,b1702,C,T,transition,ATC,ATT,3,Ile,Ile,synonymous,m2_M2m-21
1795004,b1713,C,T,transition,TCT,TTT,2,Ser,Phe,missense,m2_M2m-41
1805607,b1724,G,C,transversion,GAA,CAA,1,Glu,Gln,missense,m2_M2m-02
1847291,b1766,G,A,transition,AGC,AAC,2,Ser,Asn,missense,m2_M2m-88
1901739,b1818,C,T,transition,CTC,TTC,1,Leu,Phe,missense,m2_M2m-33
1925301,b1845,C,A,transversion,GGC,GGA,3,Gly,Gly,synonymous,m2_M2m-47
1932608,b1851,C,T,transition,CGC,CGT,3,Arg,Arg,synonymous,m2_M2m-15
1971683,b1888,G,A,transition,GGT,AGT,1,Gly,Ser,missense,m2_M2m-13
1983825,b1901,G,A,transition,GCC,ACC,1,Ala,Thr,missense,m2_M2m-85
2004558,b1927,C,A,transversion,CAA,AAA,1,Gln,Lys,missense,m2_M2m-13
2058155,b1987,C,T,transition,CGG,TGG,1,Arg,Trp,missense,m2_M2m-02
2071924,b2000,G,A,transition,GCC,ACC,1,Ala,Thr,missense,m2_M2m-15
2077821,b2008,G,T,transversion,GCG,GCT,3,Ala,Ala,synonymous,m2_M2m-53
2102038,b2032,T,C,transition,TCT,CCT,1,Ser,Pro,missense,m2_M2m-79
2105936,b2036,G,C,transversion,GGG,CGG,1,Gly,Arg,missense,m2_M2m-52
2125611,b2053,A,G,transition,CAG,CGG,2,Gln,Arg,missense,m2_M2m-53
2131253,b2059,C,T,transition,CTC,TTC,1,Leu,Phe,missense,m2_M2m-91
2133522,b2060,C,T,transition,GCC,GTC,2,Ala,Val,missense,m2_M2m-79
2150128,b2072,C,T,transition,GGC,GGT,3,Gly,Gly,synonymous,m2_M2m-11
2224071,b2136,G,A,transition,CGG,CGA,3,Arg,Arg,synonymous,m2_M2m-78
2241239,b2153,G,T,transversion,GCC,TCC,1,Ala,Ser,missense,m2_M2m-05
2293338,b2197,C,T,transition,ACT,ATT,2,Thr,Ile,missense,m2_M2m-47
2293466,b2198,G,A,transition,CGT,CAT,2,Arg,His,missense,m2_M2m-85
2343720,b2234,C,T,transition,TGC,TGT,3,Cys,Cys,synonymous,m2_M2m-12
2380440,b2268,G,A,transition,GTC,ATC,1,Val,Ile,missense,m2_M2m-07
2393013,b2278,C,T,transition,GCA,GTA,2,Ala,Val,missense,m2_M2m-28
2468272,b2352,A,G,transition,AGA,GGA,1,Arg,Gly,missense,m2_M2m-87
2480142,b2367,C,T,transition,GTC,GTT,3,Val,Val,synonymous,m2_M2m-07
2510216,b2392,G,A,transition,GAG,GAA,3,Glu,Glu,synonymous,m2_M2m-87
2517567,b2400,G,A,transition,GCG,GCA,3,Ala,Ala,synonymous,m2_M2m-11
2553311,b2438,A,C,transversion,CAG,CCG,2,Gln,Pro,missense,m2_M2m-27
2565732,b2452,C,T,transition,CCA,CTA,2,Pro,Leu,missense,m2_M2m-44
2569299,b2455,G,T,transversion,GCC,TCC,1,Ala,Ser,missense,m2_M2m-78
2586902,b2470,A,G,transition,GAA,GGA,2,Glu,Gly,missense,m2_M2m-39
2594541,b2475,C,T,transition,AGC,AGT,3,Ser,Ser,synonymous,m2_M2m-13
2601046,b2482,G,A,transition,GGT,AGT,1,Gly,Ser,missense,m2_M2m-15
2604432,b2485,G,A,transition,TGC,TAC,2,Cys,Tyr,missense,m2_M2m-16
2604705,b2485,G,A,transition,TGC,TAC,2,Cys,Tyr,missense,m2_M2m-11
2605975,b2486,A,G,transition,AAC,AGC,2,Asn,Ser,missense,m2_M2m-24
2637211,b2513,G,T,transversion,GGC,GTC,2,Gly,Val,missense,m2_M2m-25
2657848,b2528,G,T,transversion,GGT,TGT,1,Gly,Cys,missense,m2_M2m-80
2691156,b2557,G,A,transition,GCA,ACA,1,Ala,Thr,missense,m2_M2m-25
2700311,b2565,G,A,transition,GGC,AGC,1,Gly,Ser,missense,m2_M2m-95
2712202,b2576,C,A,transversion,CGC,AGC,1,Arg,Ser,missense,m2_M2m-43
2722313,b2586,G,A,transition,CGC,CAC,2,Arg,His,missense,m2_M2m-86
2761192,b2627,C,T,transition,ACA,ATA,2,Thr,Ile,missense,m2_M2m-11
2772881,b2642,G,A,transition,ATG,ATA,3,Met,Ile,missense,m2_M2m-47
2813542,b2688,G,T,transversion,CGC,CTC,2,Arg,Leu,missense,m2_M2m-23
2843372,b2721,C,T,transition,GTC,GTT,3,Val,Val,synonymous,m2_M2m-86
2919006,b2789,A,C,transversion,ATG,CTG,1,Met,Leu,missense,m2_M2m-25
2924570,b2795,G,T,transversion,GAA,TAA,1,Glu,stop,nonsense,m2_M2m-09
2960941,b2824,C,T,transition,CAG,TAG,1,Gln,stop,nonsense,m2_M2m-33
3015757,b2878,G,A,transition,GGT,GAT,2,Gly,Asp,missense,m2_M2m-85
3020368,b2881,T,G,transversion,ATC,AGC,2,Ile,Ser,missense,m2_M2m-13
3062764,b2919,C,T,transition,TTC,TTT,3,Phe,Phe,synonymous,m2_M2m-37
3089053,b2945,G,A,transition,GCT,ACT,1,Ala,Thr,missense,m2_M2m-87
3094943,b2954,C,G,transversion,CCG,GCG,1,Pro,Ala,missense,m2_M2m-83
3105215,b2965,G,A,transition,GGC,AGC,1,Gly,Ser,missense,m2_M2m-51
3123476,b4467,A,C,transversion,CAA,CAC,3,Gln,His,missense,m2_M2m-02
3126448,b2980,T,G,transversion,CTG,CGG,2,Leu,Arg,missense,m2_M2m-87
3142911,b2996,T,G,transversion,AAT,AAG,3,Asn,Lys,missense,m2_M2m-04
3147810,b3003,G,A,transition,GGT,AGT,1,Gly,Ser,missense,m2_M2m-52
3147839,b3003,A,T,transversion,GCA,GCT,3,Ala,Ala,synonymous,m2_M2m-52
3171790,b3030,G,A,transition,GAG,GAA,3,Glu,Glu,synonymous,m2_M2m-88
3237114,b3088,G,T,transversion,AAG,AAT,3,Lys,Asn,missense,m2_M2m-02
3270940,b3126,G,A,transition,GGT,AGT,1,Gly,Ser,missense,m2_M2m-91
3330341,b3184,G,A,transition,CTG,CTA,3,Leu,Leu,synonymous,m2_M2m-78
3356444,b3212,T,G,transversion,TTC,TGC,2,Phe,Cys,missense,m2_M2m-11
3360525,b3215,A,C,transversion,CAC,CCC,2,His,Pro,missense,m2_M2m-29
3367083,b3221,G,T,transversion,GAG,TAG,1,Glu,stop,nonsense,m2_M2m-16
3392778,b4472,C,T,transition,GGC,GGT,3,Gly,Gly,synonymous,m2_M2m-02
3439919,b3297,G,A,transition,GAG,AAG,1,Glu,Lys,missense,m2_M2m-85
3442405,b3301,G,A,transition,GGT,AGT,1,Gly,Ser,missense,m2_M2m-15
3443159,b3303,C,T,transition,TTC,TTT,3,Phe,Phe,synonymous,m2_M2m-84
3447742,b3314,T,A,transversion,ATC,AAC,2,Ile,Asn,missense,m2_M2m-83
3522889,b3396,G,A,transition,GGC,GAC,2,Gly,Asp,missense,m2_M2m-91
3541460,b3411,T,A,transversion,ATC,AAC,2,Ile,Asn,missense,m2_M2m-17
3574369,b4476,T,A,transversion,CTG,CAG,2,Leu,Gln,missense,m2_M2m-88
3576509,b3438,G,A,transition,GTA,ATA,1,Val,Ile,missense,m2_M2m-44
3583191,b3447,T,C,transition,AGT,AGC,3,Ser,Ser,synonymous,m2_M2m-47
3602441,b3465,G,A,transition,AGC,AAC,2,Ser,Asn,missense,m2_M2m-79
3622944,b3484,G,A,transition,GAG,AAG,1,Glu,Lys,missense,m2_M2m-23
3625861,b3486,A,T,transversion,GGA,GGT,3,Gly,Gly,synonymous,m2_M2m-93
3630028,b3488,A,G,transition,ACC,GCC,1,Thr,Ala,missense,m2_M2m-87
3655372,b3511,G,A,transition,GGG,AGG,1,Gly,Arg,missense,m2_M2m-37
3662005,b3515,A,G,transition,AGC,GGC,1,Ser,Gly,missense,m2_M2m-94
3663233,b3516,C,A,transversion,CTT,ATT,1,Leu,Ile,missense,m2_M2m-53
3663768,b3516,T,G,transversion,GTT,GTG,3,Val,Val,synonymous,m2_M2m-13
3688988,b3532,T,A,transversion,CTG,CAG,2,Leu,Gln,missense,m2_M2m-04
3696158,b3537,G,A,transition,CGT,CAT,2,Arg,His,missense,m2_M2m-09
3755773,b3589,G,A,transition,ATG,ATA,3,Met,Ile,missense,m2_M2m-43
3772987,b3600,G,A,transition,GAA,AAA,1,Glu,Lys,missense,m2_M2m-02
3795082,b3622,G,A,transition,GTC,ATC,1,Val,Ile,missense,m2_M2m-09
3824458,b3652,C,A,transversion,GCA,GAA,2,Ala,Glu,missense,m2_M2m-85
3827243,b3654,G,A,transition,CCG,CCA,3,Pro,Pro,synonymous,m2_M2m-47
3885632,b3706,T,C,transition,ATT,ACT,2,Ile,Thr,missense,m2_M2m-32
3910167,b3729,G,A,transition,GCG,ACG,1,Ala,Thr,missense,m2_M2m-78
3926400,b3745,G,A,transition,AGG,AGA,3,Arg,Arg,synonymous,m2_M2m-25
3929580,b3747,G,A,transition,GGG,GAG,2,Gly,Glu,missense,m2_M2m-93
4006803,b3824,G,A,transition,GCT,ACT,1,Ala,Thr,missense,m2_M2m-27
4060611,b3874,C,G,transversion,AAC,AAG,3,Asn,Lys,missense,m2_M2m-35
4074875,b3886,C,T,transition,CCG,CTG,2,Pro,Leu,missense,m2_M2m-17
4144187,b3951,G,A,transition,GAA,AAA,1,Glu,Lys,missense,m2_M2m-95
4148808,b3956,G,A,transition,GCC,ACC,1,Ala,Thr,missense,m2_M2m-09
4195963,b3997,T,G,transversion,TTT,TTG,3,Phe,Leu,missense,m2_M2m-87
4201689,b4004,C,G,transversion,ACG,AGG,2,Thr,Arg,missense,m2_M2m-37
4241229,b4032,C,T,transition,ACC,ATC,2,Thr,Ile,missense,m2_M2m-88
4271381,b4058,C,T,transition,CAG,TAG,1,Gln,stop,nonsense,m2_M2m-79
4325315,b4109,A,C,transversion,GAA,GCA,2,Glu,Ala,missense,m2_M2m-79
4326175,b4109,C,T,transition,CTG,TTG,1,Leu,Leu,synonymous,m2_M2m-94
4380261,b4154,A,C,transversion,GCA,GCC,3,Ala,Ala,synonymous,m2_M2m-51
4438226,b4218,G,C,transversion,GGT,GCT,2,Gly,Ala,missense,m2_M2m-09
4446955,b4225,A,C,transversion,AAT,CAT,1,Asn,His,missense,m2_M2m-94
4478357,b4257,T,C,transition,GTA,GCA,2,Val,Ala,missense,m2_M2m-17
4493794,b4269,G,A,transition,GCC,ACC,1,Ala,Thr,missense,m2_M2m-37
4537342,b4311,C,T,transition,ACC,ACT,3,Thr,Thr,synonymous,m2_M2m-21
4555376,b4326,T,A,transversion,TGG,AGG,1,Trp,Arg,missense,m2_M2m-15
4560596,b4332,A,C,transversion,ACG,CCG,1,Thr,Pro,missense,m2_M2m-94
4578277,b4348,A,C,transversion,TTA,TTC,3,Leu,Phe,missense,m2_M2m-44
4591335,b4355,A,G,transition,TAA,TAG,3,stop,stop,synonymous,m2_M2m-47
4598592,b4361,C,T,transition,GCC,GTC,2,Ala,Val,missense,m2_M2m-02
4611883,b4378,A,T,transversion,GAT,GTT,2,Asp,Val,missense,m2_M2m-51
4614385,b4380,G,A,transition,AGC,AAC,2,Ser,Asn,missense,m2_M2m-07
4624942,b4389,C,G,transversion,AAC,AAG,3,Asn,Lys,missense,m2_M2m-35
